Cities,Cloud,Country,Date,Humidity,Latitude,Longitude,Temperature,Wind Speed
Yellowknife,90,CA,1571448170,86,62.45,-114.38,30.2,4.6
Eureka,1,US,1571448170,71,40.8,-124.16,59.0,3.6
Bayir,40,TR,1571448171,100,37.27,28.22,59.0,0.62
Mataura,64,NZ,1571448171,74,-46.19,168.86,59.0,5.81
Berdigestyakh,96,RU,1571448171,93,62.1,126.7,30.743600000000036,2.61
Vostok,23,RU,1571448172,47,46.45,135.83,45.5216,0.45
Hamilton,20,CA,1571448172,80,43.26,-79.87,46.004000000000055,1.0
New Norfolk,75,AU,1571448173,46,-42.78,147.06,53.6,6.2
Atuona,16,PF,1571448173,73,-9.8,-139.03,80.99960000000007,8.3
Vaini,75,IN,1571448299,100,15.34,74.49,69.8,1.16
Bosaso,100,SO,1571448300,84,11.28,49.18,81.43160000000009,6.91
Rikitea,88,PF,1571448301,83,-23.12,-134.97,69.1376,11.71
Leo,55,BF,1571448301,67,11.1,-2.1,80.24360000000004,2.66
Livny,0,RU,1571448301,90,52.43,37.61,49.21160000000002,0.8
Ambon,90,FR,1571448302,100,47.55,-2.56,55.004000000000055,1.5
Namibe,14,AO,1571448302,88,-15.19,12.15,70.32560000000005,3.29
Lagoa,20,PT,1571448303,77,37.14,-8.45,62.99600000000005,1.0
Albany,90,US,1571448304,65,42.65,-73.75,46.99400000000007,3.1
Hobart,75,AU,1571448304,46,-42.88,147.33,53.6,6.2
Okhotsk,0,RU,1571448305,66,59.36,143.24,31.769600000000025,5.19
Kahului,40,US,1571448305,45,20.89,-156.47,87.8,10.8
Siocon,27,PH,1571448305,71,11.03,124.04,83.62760000000003,1.57
Saskylakh,17,RU,1571448306,100,71.97,114.09,-7.722399999999972,0.3
Port Alfred,100,ZA,1571448306,95,-33.59,26.89,62.99600000000005,1.71
Normandin,90,CA,1571448306,75,48.84,-72.53,42.8,7.7
Avarua,100,CK,1571448307,94,-21.21,-159.78,73.4,4.6
Trinidad,51,BO,1571448307,66,-14.83,-64.9,80.29760000000009,0.5
North Bend,40,US,1571448307,76,43.41,-124.22,60.008,5.1
Wanning,75,AT,1571448308,100,48.64,13.53,50.0,4.1
Barrow,0,AR,1571448308,82,-38.31,-60.23,49.40960000000005,2.54
Praia da Vitoria,75,PT,1571448309,68,38.73,-27.07,64.4,7.5
Saint-Philippe,90,CA,1571448309,65,45.36,-73.48,48.2,4.6
Thabazimbi,49,ZA,1571448309,39,-24.59,27.41,66.99199999999999,1.44
Lebu,75,ET,1571448310,87,8.96,38.73,55.4,3.1
Kenora,75,CA,1571448310,76,49.76,-94.48,51.8,2.6
Lasa,71,CY,1571448311,77,34.92,32.53,68.0,3.6
Talnakh,40,RU,1571448311,84,69.49,88.39,5.0,4.0
Dikson,100,RU,1571448311,91,73.51,80.55,28.961600000000022,7.43
Port Elizabeth,1,US,1571448312,86,39.31,-74.98,55.99400000000007,1.5
Arraial do Cabo,0,BR,1571448312,88,-22.97,-42.02,73.4,2.6
Rio Gallegos,40,AR,1571448313,70,-51.62,-69.22,46.4,3.6
Punta Arenas,75,CL,1571448313,76,-53.16,-70.91,48.2,10.3
Yerbogachen,100,RU,1571448313,78,61.28,108.01,32.59760000000009,6.53
Ushuaia,90,AR,1571448314,56,-54.81,-68.31,44.6,9.8
Vanavara,96,RU,1571448314,78,60.35,102.28,29.159600000000047,4.59
Broken Hill,0,AU,1571448314,34,-31.97,141.45,68.0,8.7
Mujiayingzi,10,CN,1571448315,72,42.12,118.78,42.91160000000002,3.21
Port-Cartier,75,CA,1571448315,70,50.03,-66.88,46.4,3.1
Idar-Oberstein,75,DE,1571448316,87,49.71,7.31,50.0,2.1
Porto Walter,100,BR,1571448316,75,-8.27,-72.74,78.80360000000002,1.28
Hilo,20,US,1571448316,58,19.71,-155.08,84.2,3.6
Kapaa,20,US,1571448317,74,22.08,-159.32,82.4,5.7
Westfield,90,US,1571448317,66,42.13,-72.75,48.992,3.6
Taoudenni,0,ML,1571448318,21,22.68,-3.98,86.39960000000006,3.5
Mar del Plata,38,AR,1571448318,31,-46.43,-67.52,63.071600000000004,6.27
Port Blair,100,IN,1571448318,75,11.67,92.75,84.36560000000007,5.7
Tuktoyaktuk,90,CA,1571448319,86,69.44,-133.03,28.4,4.6
Jamestown,93,AU,1571448319,47,-33.21,138.6,57.04160000000006,6.97
Moindou,0,NC,1571448319,40,-21.69,165.68,86.0,6.7
Nikolskoye,75,RU,1571448320,93,59.7,30.79,48.2,2.0
Mirante do Paranapanema,75,BR,1571448320,51,-22.29,-51.91,82.4,3.1
East London,84,ZA,1571448320,93,-33.02,27.91,63.5216,1.66
Zheleznodorozhnyy,39,RU,1571448321,93,55.75,38.0,50.0,1.0
Qaanaaq,19,GL,1571448321,71,77.48,-69.36,4.319600000000026,3.13
Gubkinskiy,40,RU,1571448321,66,64.43,76.5,20.825600000000055,7.2
Coquimbo,75,CL,1571448322,87,-29.95,-71.34,55.4,2.1
Castro,0,CL,1571448322,76,-42.48,-73.76,50.0,5.7
Sao Filipe,27,CV,1571448322,87,14.9,-24.5,78.42560000000006,8.3
Hualmay,63,PE,1571448323,86,-11.1,-77.61,62.49560000000001,4.98
Port Hardy,90,CA,1571448323,81,50.7,-127.42,50.0,4.1
Ancud,0,CL,1571448324,76,-41.87,-73.83,50.0,5.7
Slave Lake,1,CA,1571448324,81,55.28,-114.77,44.6,1.5
Dzhebariki-Khaya,81,RU,1571448324,99,62.22,135.8,33.10160000000004,0.93
Newport,75,GB,1571448325,87,51.59,-3.0,51.8,4.1
Dubti,19,ET,1571448325,36,11.74,41.09,85.33760000000001,4.5
Kirakira,100,SB,1571448326,82,-10.46,161.92,82.25960000000005,3.62
Komsomolskiy,29,RU,1571448326,96,67.55,63.78,16.505599999999994,3.47
Bluff,12,AU,1571448327,48,-23.58,149.07,83.53760000000001,4.48
Lorengau,63,PG,1571448327,70,-2.02,147.27,84.25760000000007,3.62
Sur,0,OM,1571448328,32,22.57,59.53,79.41560000000007,3.25
Torbay,90,CA,1571448328,100,47.66,-52.73,57.992,2.6
Cherskiy,98,RU,1571448329,95,68.75,161.3,16.18160000000008,4.09
Terra Santa,49,BR,1571448330,66,-2.1,-56.49,80.80160000000004,0.61
Carnarvon,43,ZA,1571448330,47,-30.97,22.13,64.8716,1.23
Ribeira Grande,100,PT,1571448331,75,38.52,-28.7,64.24160000000006,9.21
North Platte,1,US,1571448332,38,41.12,-100.77,60.8,6.2
Dawei,100,MM,1571448332,71,14.07,98.19,82.56560000000007,9.95
Butaritari,58,KI,1571448332,76,3.07,172.79,84.20360000000002,5.75
Marataizes,0,BR,1571448333,80,-21.04,-40.82,72.0716,1.35
Pisco,75,PE,1571448333,82,-13.71,-76.2,64.99400000000007,5.7
Necochea,0,AR,1571448334,90,-38.55,-58.74,51.998000000000026,3.58
Isangel,75,VU,1571448334,74,-19.55,169.27,82.4,5.1
Saint George,20,GR,1571448334,93,39.45,22.34,59.0,0.39
Port Lincoln,64,AU,1571448335,66,-34.72,135.86,54.10760000000007,8.34
Hithadhoo,94,MV,1571448335,72,-0.6,73.08,81.26960000000003,4.17
Rzeszow,0,PL,1571448335,100,50.04,22.0,55.004000000000055,0.5
Guerrero Negro,0,MX,1571448336,80,27.97,-114.04,66.20360000000002,7.99
Kavieng,98,PG,1571448336,73,-2.57,150.8,81.66560000000007,3.14
The Valley,20,AI,1571448336,83,18.22,-63.06,80.6,2.6
Mahebourg,75,MU,1571448337,60,-20.41,57.7,71.6,6.7
Upernavik,100,GL,1571448337,96,72.79,-56.15,31.463599999999996,4.41
Trairi,27,BR,1571448338,81,-3.28,-39.27,75.6716,2.21
Alyangula,12,AU,1571448338,49,-13.85,136.42,91.4,3.1
Busselton,11,AU,1571448338,60,-33.64,115.35,64.00400000000005,2.24
Ivanivka,1,UA,1571448339,66,46.71,34.54,55.94360000000004,1.6
Georgetown,94,GY,1571448339,78,6.8,-58.16,82.4,2.1
Guayaramerin,87,BO,1571448340,75,-10.82,-65.36,78.01160000000002,0.39
Altamont,1,CA,1571448340,100,49.4,-98.5,46.004000000000055,4.81
Dunedin,74,NZ,1571448341,80,-45.87,170.5,51.875600000000055,3.84
Tiksi,1,RU,1571448341,92,71.64,128.87,6.263599999999997,1.24
Hermanus,0,ZA,1571448342,85,-34.42,19.24,64.99400000000007,1.79
Husavik,97,CA,1571448342,82,50.56,-96.99,51.008,3.34
Priargunsk,77,RU,1571448343,49,50.37,119.09,39.92360000000008,1.36
Linfen,0,CN,1571448343,56,36.09,111.52,57.29360000000004,1.79
Price,20,US,1571448343,36,39.6,-110.81,48.2,6.7
Ahipara,60,NZ,1571448344,80,-35.17,173.16,73.99400000000007,6.69
Kodiak,1,US,1571448344,48,39.95,-94.76,64.4,4.1
Chokurdakh,64,RU,1571448345,93,70.62,147.9,5.723600000000079,2.92
Bredasdorp,0,ZA,1571448345,87,-34.53,20.04,64.99400000000007,0.5
Anadyr,75,RU,1571448345,100,64.73,177.51,23.0,5.0
Mayo,90,CA,1571448346,80,63.59,-135.9,32.0,2.6
Kidal,0,ML,1571448346,21,18.44,1.41,84.34760000000009,2.51
Sorong,52,ID,1571448346,80,-0.86,131.25,81.21560000000008,2.06
Vardo,1,US,1571448347,61,39.62,-77.74,51.008,3.1
Sioux Lookout,5,CA,1571448347,70,50.1,-91.92,51.8,5.1
Pinawa,91,CA,1571448347,80,50.15,-95.88,51.875600000000055,3.01
Porbandar,71,IN,1571448348,65,21.64,69.61,84.90559999999999,3.78
Fortuna,1,US,1571448348,71,40.6,-124.16,59.0,3.6
Ushtobe,5,KZ,1571448349,42,45.25,77.98,40.24760000000009,1.89
Filadelfia,32,PY,1571448349,74,-22.35,-60.04,70.14560000000002,5.74
Rome,0,IT,1571448349,82,41.89,12.48,60.8,2.1
Pevek,100,RU,1571448350,89,69.7,170.27,29.753600000000016,8.0
Cape Town,0,ZA,1571448146,88,-33.93,18.42,64.00400000000005,5.1
Lamar,40,US,1571448350,27,38.09,-102.62,62.6,13.9
Uni,34,RU,1571448351,90,57.75,51.49,26.35160000000004,4.84
Kiruna,100,SE,1571448351,92,67.86,20.23,28.4,2.1
Rizhao,0,CN,1571448351,61,35.43,119.46,58.103600000000014,0.56
Russell,75,US,1571448352,52,38.9,-98.86,71.99600000000005,10.8
Avera,1,US,1571448353,63,33.19,-82.53,64.4,2.1
Yaan,92,NG,1571448353,94,7.38,8.57,73.3136,3.09
Zoniana,40,GR,1571448354,77,35.3,24.83,66.99199999999999,4.6
Airai,88,TL,1571448354,43,-8.93,125.41,84.41960000000003,1.81
Ler,90,NO,1571448355,93,63.2,10.3,44.6,2.6
Esperance,39,AU,1571448355,55,-33.86,121.89,60.8,5.1
Nome,75,US,1571448355,73,30.04,-94.42,75.2,2.1
Souillac,100,FR,1571448356,87,45.6,-0.6,59.0,5.1
Fort Frances,90,CA,1571448356,58,48.61,-93.4,57.2,3.6
Kalmunai,89,LK,1571448357,87,7.42,81.82,75.04160000000006,1.5
Chumikan,34,RU,1571448357,71,54.72,135.31,38.05160000000004,3.5
Iqaluit,90,CA,1571448357,68,63.75,-68.52,28.4,4.1
Brownwood,1,US,1571448358,46,31.71,-98.99,77.0,3.1
Hofn,4,IS,1571448358,62,64.25,-15.21,16.829600000000006,2.2
Vila Franca do Campo,75,PT,1571448358,88,37.72,-25.43,62.6,3.1
Opuwo,0,NA,1571448359,54,-18.06,13.84,74.3216,1.61
Khatanga,0,RU,1571448359,94,71.98,102.47,1.3135999999999974,1.87
Casale Monferrato,90,IT,1571448359,100,45.14,8.45,60.008,1.0
Abakan,0,RU,1571448360,74,53.72,91.44,33.8,3.0
Ust-Tsilma,63,RU,1571448360,64,65.44,52.15,25.235600000000034,3.04
Okakarara,35,NA,1571448361,13,-20.59,17.46,68.23760000000001,2.83
Mirpur Sakro,0,PK,1571448361,65,24.55,67.63,77.0,5.1
Kendari,93,ID,1571448361,62,-3.99,122.52,84.7796,0.72
Geraldton,40,CA,1571448362,86,49.72,-86.95,37.4,2.6
Bilimbay,90,RU,1571448362,85,56.96,59.82,24.8,6.0
Cidreira,62,BR,1571448362,89,-30.17,-50.22,65.8976000000001,5.22
Bethel,1,US,1571448363,55,60.79,-161.76,33.8,1.5
Cortez,1,US,1571448363,18,37.35,-108.58,51.998000000000026,2.1
Pesochnyy,23,RU,1571448363,86,51.77,35.31,48.815600000000074,0.89
Osakarovka,99,KZ,1571448364,65,50.56,72.58,39.70760000000007,8.02
Severo-Kurilsk,80,RU,1571448364,80,50.68,156.12,41.309600000000046,9.85
Haines Junction,99,CA,1571448365,92,60.75,-137.51,28.277600000000028,1.68
Goderich,62,CA,1571448365,88,43.74,-81.71,44.00600000000003,0.89
Firozabad,40,IN,1571448365,100,27.15,78.4,68.0,0.5
Vanimo,100,PG,1571448366,72,-2.67,141.3,81.48560000000003,0.43
Chara,20,GR,1571448366,93,39.42,22.43,59.0,0.39
Gambela,72,ET,1571448366,77,8.25,34.59,67.66160000000002,2.02
Klyuchevskiy,58,RU,1571448367,63,53.53,119.45,34.18160000000008,1.4
Zhigalovo,100,RU,1571448367,91,54.81,105.15,31.463599999999996,0.92
Scarborough,70,GB,1571448367,93,54.28,-0.41,48.992,3.6
Tambo,84,PE,1571448368,68,-12.95,-74.02,51.353600000000014,3.14
Porto Nacional,20,BR,1571448368,83,-10.7,-48.41,78.8,1.5
Itarema,17,BR,1571448368,72,-2.92,-39.92,79.34360000000004,5.16
Norman Wells,90,CA,1571448369,94,65.28,-126.83,32.0,2.1
Shorkot,37,PK,1571448369,54,30.83,72.08,71.47760000000002,1.76
Victoria,75,BN,1571448370,74,5.28,115.24,86.0,1.5
Katsuura,75,JP,1571448370,94,33.93,134.5,73.4,2.6
Mityana,40,UG,1571448371,83,0.4,32.05,71.6,4.1
Ternate,40,PH,1571448371,66,14.29,120.72,89.00600000000003,1.0
Thompson,90,CA,1571448371,87,55.74,-97.86,44.6,2.1
Ararat,7,AM,1571448372,70,39.85,44.7,48.2,0.8
Lakatoro,0,VU,1571448372,82,-16.11,167.42,79.86560000000007,4.02
Port Hawkesbury,90,CA,1571448373,87,45.62,-61.36,51.008,4.1
Shawnee,1,US,1571448373,45,35.33,-96.93,69.00800000000001,5.7
Poronaysk,0,RU,1571448374,54,49.22,143.1,46.4216,1.13
Hami,18,CN,1571448374,26,42.84,93.51,37.94360000000004,2.57
Tasiilaq,20,GL,1571448374,74,65.61,-37.64,30.2,2.1
Sao Jose da Coroa Grande,61,BR,1571448375,92,-8.9,-35.15,73.6376,2.12
Luba,18,PH,1571448375,77,17.32,120.7,78.80360000000002,1.61
Areka,92,ET,1571448375,78,7.07,37.71,63.665600000000076,1.32
Beringovskiy,56,RU,1571448376,71,63.05,179.32,26.585600000000035,2.79
Soyo,86,AO,1571448376,86,-6.13,12.37,78.76760000000004,5.9
Aden,18,YE,1571448376,62,12.79,45.03,83.37560000000005,2.27
Dagana,0,MR,1571448377,55,16.52,-15.51,86.0,3.86
Razdolnoye,43,RU,1571448377,73,43.7,44.53,57.005599999999994,0.82
Harper,1,US,1571448378,49,30.3,-99.24,73.00400000000005,2.1
Atar,7,MR,1571448378,29,20.52,-13.05,88.36160000000002,4.66
Faya,0,SA,1571448378,39,18.39,42.45,62.6,4.1
Copacabana,27,BO,1571448379,78,-16.17,-69.08,47.50160000000004,8.44
Kyzyl-Suu,0,KG,1571448379,56,42.34,78.0,50.56160000000002,4.19
Constitucion,40,MX,1571448380,31,23.99,-104.67,75.2,3.6
Tigil,99,RU,1571448380,89,57.8,158.67,30.25760000000007,3.57
Faanui,98,PF,1571448381,78,-16.48,-151.75,80.42360000000008,5.7
Santa Maria,0,BR,1571448381,39,-16.02,-48.01,78.8,1.0
Tevaitoa,93,PF,1571448381,79,-16.78,-151.5,80.13560000000004,6.09
Gubbi,98,IN,1571448382,91,13.31,76.94,68.34560000000002,3.44
Topolobampo,5,MX,1571448382,65,25.6,-109.05,82.00400000000005,5.1
Aklavik,90,CA,1571448382,79,68.22,-135.01,24.8,2.1
Puerto Ayora,20,EC,1571448383,64,-0.74,-90.35,73.4,7.7
Mutis,70,CO,1571448383,82,6.23,-77.4,79.75760000000007,4.45
Jati,0,PK,1571448383,66,24.35,68.27,78.8216,3.01
Tuatapere,92,NZ,1571448384,74,-46.13,167.69,59.0,5.81
Bambous Virieux,75,MU,1571448385,60,-20.34,57.76,71.6,6.7
Bathsheba,40,BB,1571448385,78,13.22,-59.52,82.4,5.7
Manzhouli,0,CN,1571448385,55,49.6,117.43,41.4716,2.32
Takoradi,91,GH,1571448386,93,4.89,-1.75,75.18560000000004,2.36
Araouane,0,ML,1571448386,25,18.9,-3.53,89.13560000000004,2.22
Jacksonville,90,US,1571448386,64,30.33,-81.66,75.2,3.1
Klaksvik,93,FO,1571448387,75,62.23,-6.59,42.8,4.6
Orlik,20,PL,1571448387,87,53.95,17.74,55.4,4.1
Chitral,50,PK,1571448388,82,35.85,71.79,23.669600000000024,0.92
Pampa,1,US,1571448388,60,35.54,-100.96,77.0,5.1
Olga,1,US,1571448388,46,34.11,-118.17,75.2,1.5
Jalu,90,LY,1571448389,81,29.03,21.55,70.1636,6.14
Sitka,10,US,1571448389,47,37.17,-99.65,73.00400000000005,8.05
Santa Isabel,1,MX,1571448389,7,32.63,-115.58,84.2,0.67
Cairns,50,AU,1571448390,58,-16.92,145.77,93.00200000000008,4.1
Farnham,90,CA,1571448390,65,45.28,-72.97,48.2,4.6
Kalagarh,0,IN,1571448390,68,29.5,78.75,66.25760000000007,1.18
Lompoc,1,US,1571448391,42,34.64,-120.46,71.99600000000005,1.5
Bar Harbor,75,US,1571448391,70,44.39,-68.2,51.008,4.6
Margate,75,AU,1571448392,46,-43.03,147.26,53.6,6.2
Matara,83,BI,1571448392,89,-3.48,29.48,50.29160000000006,0.37
Sao Gabriel da Cachoeira,87,BR,1571448393,95,-0.13,-67.09,74.73560000000003,3.66
Najran,40,SA,1571448394,37,17.54,44.22,69.8,2.2
Kotka,90,FI,1571448394,100,60.47,26.95,46.4,2.1
La Ronge,75,CA,1571448395,93,55.1,-105.3,39.2,1.0
Ust-Nera,95,RU,1571448396,94,64.57,143.24,8.837600000000009,1.37
Moerai,100,PF,1571448396,86,-22.43,-151.33,73.04360000000004,8.25
Yar-Sale,29,RU,1571448397,80,66.83,70.83,22.24760000000009,3.91
Buraydah,0,SA,1571448398,46,26.33,43.97,71.6,1.0
Doha,0,QA,1571448398,74,25.29,51.53,84.2,1.0
Turbat,0,PK,1571448398,11,26.0,63.05,80.33360000000006,3.2
Ponta do Sol,9,BR,1571448399,53,-20.63,-46.0,74.33960000000009,1.61
Ilulissat,100,GL,1571448399,80,69.22,-51.1,35.6,8.2
Lisakovsk,100,KZ,1571448399,72,52.55,62.49,42.209600000000044,3.38
Yarada,75,IN,1571448400,94,17.65,83.27,77.0,4.1
Ugoofaaru,100,MV,1571448400,73,5.67,73.0,82.51160000000002,3.37
Lukovetskiy,90,RU,1571448401,86,64.29,41.92,32.0,4.0
Deputatskiy,27,RU,1571448401,95,69.3,139.9,2.9696000000000247,0.25
Salinas,1,US,1571448401,55,36.67,-121.66,66.99199999999999,4.1
Benbrook,20,US,1571448402,26,32.67,-97.46,71.6,3.6
Cockburn Town,52,TC,1571448402,69,21.46,-71.14,84.05960000000005,5.24
Codrington,0,AU,1571448402,42,-28.95,153.24,84.00200000000008,2.1
Chuy,0,UY,1571448403,81,-33.69,-53.46,56.60960000000004,4.57
Acapulco,90,MX,1571448403,94,16.86,-99.88,78.8,2.1
Le Port,73,FR,1571448404,94,42.87,1.37,53.00600000000003,1.28
Vaitape,98,PF,1571448404,78,-16.52,-151.75,80.42360000000008,5.7
Victor Harbor,75,AU,1571448404,51,-35.55,138.62,59.0,8.2
Kaitangata,85,NZ,1571448405,73,-46.28,169.85,53.99600000000005,4.92
Teguldet,98,RU,1571448405,84,57.31,88.17,25.90160000000004,0.26
Muriti,75,TZ,1571448406,94,-1.99,32.93,68.0,2.84
Sinjar,87,SY,1571448406,76,35.59,37.0,68.07560000000005,2.95
San Patricio,60,PY,1571448406,97,-26.98,-56.83,64.79960000000007,2.29
San Miguel,0,AR,1571448407,67,-34.54,-58.72,68.0,1.0
Mount Gambier,75,AU,1571448407,62,-37.83,140.78,53.6,9.8
Mason City,1,US,1571448407,51,43.15,-93.2,62.6,8.2
Kamaishi,75,JP,1571448408,100,39.28,141.86,55.4,1.5
Mpongwe,0,ZM,1571448408,42,-13.51,28.16,61.32560000000005,2.07
Kupang,20,ID,1571448408,45,-10.16,123.6,86.0,2.1
Manadhoo,100,MV,1571448409,73,5.77,73.38,82.88960000000009,3.88
Lavrentiya,100,RU,1571448409,93,65.58,-170.99,26.099600000000066,1.48
Olinda,90,AU,1571448409,47,-37.84,145.39,57.992,8.2
Flinders,0,AU,1571448410,19,-34.58,150.85,82.00400000000005,10.8
Richards Bay,0,ZA,1571448410,80,-28.77,32.06,70.64960000000006,5.95
Basco,1,US,1571448411,62,40.33,-91.2,59.0,4.6
Siniscola,0,IT,1571448411,93,40.57,9.69,55.4,0.5
Luderitz,0,NA,1571448411,81,-26.65,15.16,57.545600000000015,2.59
Lampang,20,TH,1571448412,88,18.29,99.49,78.99800000000002,0.25
El Angel,100,EC,1571448412,89,0.62,-77.93,55.81760000000005,0.29
Maragogi,61,BR,1571448413,92,-9.01,-35.22,73.6376,2.12
Mitsamiouli,0,KM,1571448413,81,-11.38,43.28,78.64160000000007,5.75
Murray Bridge,49,AU,1571448413,51,-35.12,139.28,59.0,5.36
Vao,99,EE,1571448414,96,59.1,26.19,51.58760000000001,2.89
Kamenka,0,MD,1571448414,56,48.03,28.7,56.82560000000005,1.06
Chaman,0,AF,1571448415,33,30.92,66.46,50.309600000000046,0.66
Clyde River,90,CA,1571448415,92,70.47,-68.59,28.4,11.8
Henties Bay,12,NA,1571448415,88,-22.12,14.28,62.99600000000005,1.34
Ust-Koksa,100,RU,1571448416,93,50.27,85.62,18.989600000000088,7.67
Estacion Coahuila,1,MX,1571448416,10,32.19,-115.0,84.2,3.6
Kenai,90,US,1571448416,72,60.55,-151.26,46.4,0.52
Udaipur,20,IN,1571448417,88,24.58,73.69,68.0,1.2
Eirunepe,36,BR,1571448417,69,-6.66,-69.87,78.46160000000002,1.14
Umm Kaddadah,3,SD,1571448417,38,13.6,26.69,85.6976000000001,2.54
Vila,90,IT,1571448418,100,45.18,8.4,60.008,1.0
Dibulla,22,CO,1571448418,78,11.27,-73.31,83.50160000000004,6.09
Lensk,98,RU,1571448418,80,60.71,114.91,35.54960000000007,5.27
Mezen,100,RU,1571448419,79,65.85,44.24,29.501600000000042,6.63
Payo,100,ID,1571448419,92,-3.75,103.64,71.53160000000008,0.27
Moba,89,CD,1571448420,81,-7.04,29.77,61.39760000000009,0.83
San Cristobal,44,HN,1571448420,88,14.68,-86.92,70.01960000000003,2.11
Merauke,100,ID,1571448421,79,-8.49,140.4,76.30160000000004,7.59
Keetmanshoop,50,NA,1571448421,34,-26.57,18.15,76.08560000000003,2.1
Cabo San Lucas,75,MX,1571448422,69,22.89,-109.91,80.6,3.6
Lieksa,100,FI,1571448422,97,63.32,30.02,38.42960000000001,3.09
Manhattan,1,US,1571448422,48,39.18,-96.57,64.99400000000007,4.6
Alugan,51,PH,1571448423,69,12.22,125.48,83.8976000000001,0.85
Luis Correia,20,BR,1571448423,84,-2.88,-41.67,77.39960000000006,2.82
Rodrigues Alves,90,BR,1571448423,100,-7.74,-72.65,75.2,1.0
Bonavista,79,CA,1571448424,78,48.65,-53.11,55.99400000000007,0.45
Sorland,23,NO,1571448424,68,67.67,12.69,40.26560000000008,12.42
Ucluelet,75,CA,1571448424,87,48.94,-125.55,51.008,2.1
Bereznik,97,RU,1571448425,83,62.86,42.71,30.599600000000066,3.81
Maningrida,10,AU,1571448425,43,-12.05,134.23,90.28760000000001,3.89
Sokoto,69,NG,1571448426,56,13.06,5.24,83.48360000000005,4.74
Markova,75,RU,1571448426,100,52.21,104.21,35.6,4.0
Nabire,68,ID,1571448427,68,-3.36,135.5,81.6476000000001,1.32
Wageningen,83,NL,1571448427,87,51.98,5.66,53.00600000000003,1.34
Saint-Pierre,0,FR,1571448427,93,48.95,4.24,55.4,5.1
Gazanjyk,0,TM,1571448428,36,39.24,55.52,59.111600000000024,4.26
Bereda,75,ES,1571448428,100,43.27,-7.54,55.99400000000007,0.5
Camp Verde,1,US,1571448429,31,34.56,-111.85,71.00600000000003,4.1
Lypova Dolyna,0,UA,1571448429,76,50.56,33.8,50.795600000000015,1.55
Micheweni,35,TZ,1571448429,80,-4.97,39.83,79.09160000000006,6.52
Touros,20,BR,1571448430,88,-5.2,-35.46,75.2,2.6
Pacific Grove,1,US,1571448430,51,36.62,-121.92,66.99199999999999,4.1
Mnogovershinnyy,26,RU,1571448431,80,53.94,139.92,37.4216,3.02
Dali,0,CN,1571448431,71,34.79,109.94,55.20559999999999,2.36
Faenza,0,IT,1571448431,87,44.29,11.88,62.00600000000003,1.5
Walvis Bay,0,NA,1571448432,87,-22.95,14.51,62.99600000000005,3.6
Ankang,0,CN,1571448432,85,32.73,108.99,53.855599999999995,0.52
Senanga,0,ZM,1571448432,15,-16.1,23.3,68.8136,2.75
Yumen,0,CN,1571448433,66,40.29,97.04,38.60960000000004,1.94
Beni Mazar,0,EG,1571448433,71,28.5,30.8,68.36359999999999,4.48
Evensk,7,RU,1571448433,59,61.92,159.24,17.765600000000074,4.83
Gunjur,75,GM,1571448434,88,13.18,-16.76,80.6,5.31
Esteli,49,NI,1571448434,94,13.09,-86.35,71.81960000000002,1.15
Nantucket,1,US,1571448435,66,41.28,-70.1,55.004000000000055,6.7
Aswan,0,EG,1571448435,24,24.09,32.9,82.4,3.6
Padang,100,ID,1571448435,86,-0.92,100.36,77.75960000000005,6.67
Laguna,40,BZ,1571448436,83,16.17,-88.94,84.2,1.08
Menongue,0,AO,1571448436,20,-14.66,17.68,65.64560000000002,1.1
Kualakapuas,100,ID,1571448437,83,-3.01,114.39,80.40559999999999,1.9
Mirnyy,72,RU,1571448437,91,56.57,36.46,49.93160000000008,1.3
Miguel Hidalgo,75,MX,1571448437,68,19.41,-99.19,64.4,5.7
Ganganagar,98,IN,1571448438,91,16.78,77.13,71.78360000000006,2.5
Ulagan,100,RU,1571448438,85,50.63,87.96,18.77360000000008,2.94
Buala,98,SB,1571448438,74,-8.15,159.59,83.86160000000002,3.6
Seeheim-Jugenheim,75,DE,1571448439,87,49.76,8.64,53.99600000000005,2.1
Kruisfontein,65,ZA,1571448439,96,-34.0,24.73,58.841600000000064,0.62
Te Anau,92,NZ,1571448440,89,-45.41,167.72,47.7716,1.89
Roswell,1,US,1571448440,30,33.39,-104.52,71.6,4.1
Brae,11,GB,1571448440,93,60.4,-1.35,46.4,4.6
Mananjary,0,MG,1571448441,68,-19.16,46.8,63.6296,3.2
Kinshasa,63,CD,1571448441,86,-4.32,15.31,73.02560000000005,1.41
Alice Springs,6,AU,1571448441,13,-23.7,133.88,91.4,4.1
Oktyabrskoye,40,RU,1571448442,92,56.73,85.44,24.998000000000026,1.0
Ust-Maya,18,RU,1571448442,91,60.42,134.54,28.40360000000002,1.14
Kokemaki,99,FI,1571448443,93,61.26,22.36,48.992,3.1
Boa Vista,40,BR,1571448443,74,2.82,-60.67,80.6,2.1
Okha,3,RU,1571448444,75,53.59,142.95,44.045600000000015,4.38
Ambunti,82,PG,1571448444,62,-4.22,142.82,86.50760000000007,0.79
Samarai,97,PG,1571448444,74,-10.62,150.67,78.28160000000008,4.09
Tautira,40,PF,1571448445,62,-17.73,-149.15,86.0,6.2
Log,0,SI,1571448445,87,46.0,15.32,57.00200000000008,2.1
Westport,1,US,1571448446,57,41.14,-73.36,51.998000000000026,2.6
Mecca,0,SA,1571448446,51,21.43,39.83,83.57360000000008,1.77
Endwell,1,US,1571448446,80,42.11,-76.02,41.0,3.1
Sao Mateus,21,BR,1571448447,81,-18.72,-39.86,72.23360000000005,3.17
Gorahun,95,SL,1571448447,97,7.76,-11.77,74.08760000000001,0.98
Meulaboh,100,ID,1571448448,82,4.14,96.13,80.45960000000005,4.2
Warri,97,NG,1571448448,86,5.52,5.75,78.15559999999999,2.99
Grand Forks,20,US,1571448448,76,47.91,-97.06,55.4,3.1
Bad Windsheim,1,DE,1571448449,100,49.5,10.42,53.6,2.6
Imbituba,75,BR,1571448449,73,-28.24,-48.67,75.2,3.6
Mount Isa,58,AU,1571448449,8,-20.73,139.49,95.0,5.1
Itupiranga,0,BR,1571448450,74,-5.13,-49.33,82.4,2.6
Mocuba,0,MZ,1571448450,89,-16.84,36.99,69.73160000000009,1.2
Kedrovyy,0,RU,1571448450,100,56.17,91.82,23.0,1.0
Dingle,60,PH,1571448451,81,11.0,122.67,81.44960000000006,4.08
Narsaq,84,GL,1571448451,55,60.91,-46.05,35.6,1.5
Sambava,24,MG,1571448451,87,-14.27,50.17,64.25960000000005,1.59
Ipixuna,0,BR,1571448452,88,-1.76,-48.8,77.0,2.6
Knysna,6,ZA,1571448452,93,-34.04,23.05,60.8,0.5
Omboue,78,GA,1571448453,86,-1.57,9.26,78.55160000000004,5.09
Ashcroft,0,AU,1571448454,17,-33.91,150.9,82.99400000000007,7.2
Kavaratti,100,IN,1571448454,76,10.57,72.64,82.90760000000007,5.57
Auki,57,NG,1571448454,78,12.18,6.51,75.94160000000007,4.02
Plouzane,75,FR,1571448455,87,48.38,-4.62,53.6,4.6
Andilamena,29,MG,1571448455,79,-17.01,48.57,57.29360000000004,4.44
Longyearbyen,40,NO,1571448456,57,78.22,15.63,17.6,7.7
Kaeo,23,NZ,1571448457,80,-35.1,173.78,73.99400000000007,5.14
Champerico,20,MX,1571448458,69,16.38,-93.6,80.6,2.1
Pontes e Lacerda,13,BR,1571448458,69,-15.23,-59.33,77.00360000000002,1.54
Petropavlovsk-Kamchatskiy,0,RU,1571448458,31,53.05,158.65,46.4,7.0
Micoud,20,LC,1571448459,83,13.82,-60.9,82.4,6.7
Waddan,87,LY,1571448459,80,29.16,16.14,65.82560000000005,3.07
Kutum,18,SD,1571448459,37,14.2,24.66,76.64360000000003,3.01
Lufilufi,40,WS,1571448460,70,-13.87,-171.6,89.6,7.2
Maceio,75,BR,1571448460,88,-9.67,-35.74,75.2,2.6
Moron,4,HT,1571448461,73,18.56,-74.26,80.7296,1.05
Svetlaya,17,RU,1571448461,41,46.54,138.33,50.039600000000085,0.4
Gravdal,75,NO,1571448461,76,59.79,5.78,50.0,5.1
Charters Towers,0,AU,1571448462,9,-20.07,146.27,88.63160000000008,5.57
Zhicheng,0,CN,1571448462,63,35.04,112.59,57.14960000000006,1.13
Tecoanapa,90,MX,1571448463,94,16.99,-99.26,78.8,2.1
Nemuro,75,JP,1571448463,76,43.32,145.57,51.8,1.0
Amberieu-en-Bugey,90,FR,1571448464,87,45.96,5.34,60.8,2.6
Mwene-Ditu,100,CD,1571448464,89,-7.01,23.45,67.67960000000001,0.18
Gaya,75,IN,1571448465,94,24.8,85.01,77.0,1.55
Nicolas Bravo,40,MX,1571448465,31,24.39,-104.74,75.2,3.6
Broome,71,GB,1571448465,93,52.47,1.45,53.00600000000003,3.1
Itarare,83,BR,1571448466,93,-24.11,-49.33,68.0,1.79
Pasni,0,PK,1571448466,20,25.26,63.48,76.31960000000002,0.89
Naryan-Mar,100,RU,1571448466,66,67.67,53.09,27.989600000000088,8.4
Sinnamary,10,GF,1571448467,80,5.38,-52.96,82.25960000000005,7.82
Dubbo,0,AU,1571448467,12,-32.25,148.6,78.8,5.1
Pedernales,29,EC,1571448468,88,0.07,-80.05,73.43960000000008,8.66
El Dorado,20,TT,1571448468,94,10.65,-61.37,75.99199999999999,1.5
Rawson,76,AR,1571448469,47,-43.3,-65.11,52.52360000000008,5.1
Barranca,63,PE,1571448469,86,-10.75,-77.76,62.49560000000001,4.98
Camacha,40,PT,1571448469,88,33.08,-16.33,71.6,3.1
Madison Heights,1,US,1571448470,81,42.49,-83.11,46.4,1.26
Pitimbu,0,BR,1571448470,88,-7.47,-34.81,75.2,1.5
Hovd,90,NO,1571448470,93,63.83,10.7,48.992,2.6
Marsa Matruh,0,EG,1571448471,83,31.35,27.25,69.8,2.1
Khandyga,92,RU,1571448471,99,62.65,135.58,32.435600000000036,1.21
Ostrovnoy,100,RU,1571448471,97,68.05,39.51,34.73960000000009,6.09
Bilibino,100,RU,1571448472,95,68.06,166.44,13.24760000000009,1.43
San Felipe,0,CL,1571448472,74,-32.75,-70.73,62.00600000000003,0.91
Kizhinga,99,RU,1571448472,77,51.85,109.91,33.24560000000001,1.2
Fort Nelson,90,CA,1571448473,97,58.81,-122.69,33.8,1.0
Colares,75,PT,1571448473,87,38.8,-9.45,62.00600000000003,1.0
Hohhot,0,CN,1571448474,70,40.81,111.65,44.6,1.0
South Venice,75,US,1571448474,100,27.05,-82.42,80.99600000000005,2.6
El Espinal,98,MX,1571448474,95,16.48,-95.04,74.86160000000002,1.32
Robertsport,50,LR,1571448475,88,6.75,-11.37,78.40760000000007,3.97
Sovetskiy,100,RU,1571448475,86,56.76,48.47,34.79360000000004,4.57
Belyy Yar,0,RU,1571448475,74,53.6,91.39,33.8,3.0
Sarakhs,0,TM,1571448476,50,36.54,61.16,51.8,2.1
Kiama,6,AU,1571448476,19,-34.67,150.86,80.00600000000003,10.8
Victoria,75,BN,1571448477,74,5.28,115.24,86.0,1.5
Murmashi,75,RU,1571448477,96,68.82,32.82,32.0,3.52
Grindavik,75,IS,1571448478,93,63.84,-22.43,39.2,3.1
Tagusao,74,PH,1571448478,75,9.19,117.81,82.27760000000004,0.66
Cangzhou,0,CN,1571448479,64,38.3,116.85,57.14960000000006,2.66
Puerto Escondido,75,MX,1571448479,74,15.86,-97.07,80.6,1.06
Mhlambanyatsi,0,SZ,1571448480,37,-26.45,31.02,66.2,3.1
Balabac,74,PH,1571448480,76,7.99,117.06,83.8976000000001,4.89
Praya,40,ID,1571448481,62,-8.71,116.27,86.0,6.2
Gazli,0,UZ,1571448481,31,40.13,63.45,47.14160000000006,3.41
Conde,56,BR,1571448482,93,-11.81,-37.61,68.36359999999999,1.47
Portland,40,US,1571448482,65,43.66,-70.25,48.2,4.6
Sechura,13,PE,1571448482,85,-5.56,-80.82,64.06160000000003,6.77
Beliu,25,RO,1571448483,93,46.49,21.99,53.99600000000005,3.1
Assiniboia,4,CA,1571448483,50,49.63,-105.99,50.50760000000007,2.39
Osoyoos,90,CA,1571448483,50,49.03,-119.47,53.6,8.7
Coihaique,0,CL,1571448484,70,-45.58,-72.07,46.4,1.28
Gat,20,SN,1571448484,94,14.69,-16.54,84.2,2.6
Nanortalik,78,GL,1571448484,79,60.14,-45.24,37.439600000000084,1.84
Gornopravdinsk,0,RU,1571448485,77,60.06,69.92,21.79760000000009,2.39
Bonthe,32,SL,1571448485,87,7.53,-12.5,78.6056,2.65
Kirensk,100,RU,1571448485,94,57.78,108.12,30.25760000000007,2.82
Chapais,90,CA,1571448486,86,49.78,-74.86,37.4,5.1
Lodja,69,CD,1571448487,96,-3.52,23.6,67.33760000000001,0.51
Angoche,0,MZ,1571448487,77,-16.23,39.91,74.28560000000003,0.63
Obihiro,75,JP,1571448487,93,42.92,143.2,42.8,0.5
Port Hedland,0,AU,1571448488,29,-20.31,118.58,91.4,3.1
Kostomuksha,100,RU,1571448488,97,64.59,30.6,35.87360000000008,1.94
Ruteng,13,ID,1571448489,58,-8.61,120.46,83.03360000000006,1.63
Yatou,75,CM,1571448489,100,3.63,9.81,75.2,1.0
Baykit,100,RU,1571448489,80,61.68,96.39,19.40360000000002,4.35
La Orilla,100,MX,1571448490,80,18.0,-102.23,79.30760000000006,1.34
Tandalti,0,SD,1571448490,56,13.01,31.87,84.41960000000003,2.8
Phan Thiet,100,VN,1571448490,79,10.93,108.1,76.62560000000005,0.94
Ampanihy,0,MG,1571448491,68,-24.69,44.75,68.0216,2.68
Colac,76,AU,1571448491,83,-38.34,143.59,53.99600000000005,2.68
Maraba,0,BR,1571448492,74,-5.35,-49.1,82.4,2.6
Bull Savanna,39,JM,1571448492,73,17.89,-77.59,83.8976000000001,3.88
Marsaxlokk,20,MT,1571448492,94,35.84,14.54,69.00800000000001,0.5
Vestmanna,85,FO,1571448493,75,62.16,-7.17,42.8,4.6
Riyadh,0,SA,1571448493,33,24.63,46.72,71.6,2.1
Hauterive,90,CA,1571448493,87,49.18,-68.27,42.998000000000026,2.1
Mabaruma,90,GY,1571448494,97,8.2,-59.78,74.57360000000008,1.65
Boyolangu,90,ID,1571448494,71,-8.09,111.9,76.31960000000002,2.28
Tarabuco,89,BO,1571448494,76,-19.18,-64.92,55.4,6.2
Sao Joao da Barra,0,BR,1571448495,79,-21.64,-41.05,72.84560000000002,0.85
Yarmouth,75,CA,1571448495,71,43.84,-66.12,51.998000000000026,6.2
Thai Binh,75,VN,1571448496,78,20.45,106.33,77.0,1.5
Toora-Khem,78,RU,1571448496,86,52.47,96.11,25.091600000000064,1.58
Pangnirtung,98,CA,1571448496,89,66.15,-65.72,12.689600000000087,2.54
Ossora,4,RU,1571448497,72,59.24,163.07,28.745600000000014,7.16
Lake Charles,1,US,1571448497,77,30.23,-93.22,69.8,1.31
Lekoni,86,GA,1571448498,93,-1.58,14.26,68.12960000000001,2.08
Tual,99,ID,1571448498,81,-5.67,132.75,79.59560000000002,7.67
Prince Rupert,75,CA,1571448499,87,54.32,-130.32,44.6,4.1
Taitung,0,TW,1571448499,57,22.76,121.15,80.6,4.6
Progreso,0,UY,1571448499,71,-34.68,-56.22,64.00400000000005,1.5
Saint-Augustin,75,CA,1571448500,65,45.63,-73.98,46.4,4.6
Pangoa,63,PE,1571448500,96,-12.12,-73.0,69.9476000000001,1.01
San Rafael,87,AR,1571448501,41,-34.61,-68.33,63.071600000000004,2.34
Baripada,75,IN,1571448501,87,21.93,86.73,70.50559999999999,0.95
Alghero,0,IT,1571448502,100,40.56,8.32,57.992,1.0
Pindi Gheb,40,PK,1571448503,72,33.24,72.27,64.4,3.6
Inuvik,90,CA,1571448504,79,68.36,-133.71,24.8,2.1
Chipinge,0,ZW,1571448504,76,-20.19,32.62,64.3136,2.12
Masuguru,34,MZ,1571448504,75,-11.38,38.46,75.79760000000009,2.93
Gopalpur,83,BD,1571448505,77,24.18,89.13,74.62760000000003,2.36
Astoria,90,US,1571448505,87,46.19,-123.83,55.004000000000055,5.7
Kikwit,38,CD,1571448506,84,-5.04,18.82,71.76560000000008,0.67
Ponnani,75,IN,1571448506,88,10.77,75.93,75.2,2.1
Wagga Wagga,40,AU,1571448507,33,-35.12,147.37,62.6,8.2
Dondo,0,MZ,1571448507,93,-19.62,34.74,67.44560000000001,1.14
Mugur-Aksy,91,RU,1571448508,79,50.38,90.44,10.097600000000092,3.16
Rosetta,0,EG,1571448508,88,31.4,30.42,69.8,1.5
Tamworth,0,AU,1571448508,10,-31.09,150.93,77.0,4.1
Salym,0,RU,1571448509,76,60.06,71.48,21.527600000000028,2.78
Brigantine,1,US,1571448509,70,39.41,-74.36,55.99400000000007,2.07
Kysyl-Syr,100,RU,1571448509,95,63.9,122.77,32.23760000000001,3.86
Teahupoo,40,PF,1571448510,62,-17.83,-149.27,86.0,6.2
Quatre Cocos,75,MU,1571448510,60,-20.21,57.76,71.6,6.7
Zlitan,0,LY,1571448510,66,32.47,14.57,71.63960000000009,2.8
Kununurra,49,AU,1571448511,34,-15.77,128.74,93.2,3.1
Road Town,20,VG,1571448512,83,18.42,-64.62,82.99400000000007,1.5
Kolyshley,100,RU,1571448512,67,52.7,44.54,55.004000000000055,0.65
Kokopo,27,PG,1571448513,53,-4.34,152.27,87.83960000000009,1.15
Palmer,75,AU,1571448513,51,-34.85,139.16,60.008,8.2
Dongzhen,100,CN,1571448514,95,43.33,129.73,47.05160000000004,0.46
Mahon,40,IE,1571448515,87,51.89,-8.4,46.4,3.1
Basti,91,IN,1571448515,73,26.79,82.72,73.67360000000008,1.08
Cao Bang,42,VN,1571448516,86,22.67,106.25,62.87360000000008,0.72
